{"importBase":"import","nativeBase":"native","name":"main","deps":[],"uuids":["19VPk+GptEnJDv0GMLb/XB","00c/iIBjtOerHdng21DzGb","02WT7y7qJKl4En21+VO9Ih","06DQxPxk5L7Zqk/IGAPlJi","063oBet2pH8pE17RlHq9rq","0bqbiE3dxDGaZgKEbnvzIi","13XautEJJFWJX4plTOF+uT","1375L7CkdLhI96h1s5XVdg","14Zg3LEERNXLWaKUPm4l3P","14d5npA6dBlZYg0DAPwJ3T","15awq1O4lHcoXmxwPW5uck","16OHUM4N5KwbsXV2k1tuqi","16Rsw5O25NeqIqWjFVKAlX","19A/v8daNI5KCvA+/xBeLY","1cCXDm2GtJn77ROgS+GORY","1fk6vz/iVD6bIKY2cZreU1","20g1ukYUVPvKWKBRznAKo+","22uhGDb99EmL5o8kvpZp2j","24xBnqY6hOoanQf8RpSJu8","28nplMkx5Lvb0hYhceY4AZ","29Pa0BPhZIo4E1CymbBha6","29vdn0I1NGxbc3fkx9Z7mR","2c+upU2JJJKZKUowEI1fG4","2fLP6wbVBIUoOKKXhQuEHA","2fZG3iTkZL4qc49sb+yhQ1","2fzJ3g/rJGA71cMP1kIz5b","31s+tD2uRAjL0aDYirhysi","334A6jZTZNFp2wJ527TqMl","358mX3aMtNw56J+Jn1VHOL","36wAf1sNxK2Jvd8nzZv4ju","39xHbPGJVBQZJJQmMZCoBT","3acX4tX8NHk4II8vxsJSmm","3ciXe4L+5MBpIlfl7MkFo6","3cwhZaGOxIArtRWJS94IRq","3fpKJAQFZCoLIM/cwo5VNe","43oxKUFmxL3as4Bn8Vp4V/","46Q3ruOIlDO59lhJPSLJ5p","47kRhqmhxL1IDlwrfvYFKD","4asHa60/tNp6R7TyB+uuSt","4b+HpFcXVBRZFGEQjjZja9","4cA/qmqT9NIKOFGsv24F2V","4eKRQu/zdCE4Ejiq/Rftf3","53I3Np5ylJg4skyHpQ+hUK","53ZnlaqRNEhYmYHHq1gAQp","54TknWPwVPqJqeCR+Y/Czo","55odiH1DVI47f1tFdObWKm","558R6vwKpGa4BHSlgNRYqf","57i6w+vDpHkL2WB+APoNH9","59SlctuN5DtbGhX8xgR4P8","5bCZB5BG1KsYN692TMmo94","5cvzo2R8xPyK5xoNMxbaDy","5dgTbRVutKYLZZ5EHSGmm6","61L2K7hVlDbodqEwlj62kM","63vIY8MyFJUYZQFsaWG19H","65LmdH6ThPFZPOBw/2xkow","66DPf6JzlBMpwJgKgfFoat","67lsiIMvFEBKiitVQsQfv0","69Nzc5sl9HcJfj3oRmdzkp","6cNMO1GDBDuZ5EOBT8XKeD","6ct1GnarVP7ZpVnG25aYz1","6c7W246LxCfZyPS4TZ+Bzc","71BTIlVIpPDKgGvvdqRLYG","72cUj70qFG8bBk7nuE+PZn","731rQf6X1KVog3eN13/jfL","7b4TxaFkdO6IwVyF3LFQ66","7c5tZiZx1L0JBKcUsDnqDj","7d7hRqs/VD053TA2UkOmxs","7fVTpiS+ZNspY8xdjy8O+v","82WYo6UC9C5o85s7htespF","83SkSLBLJKHY9utdOtlgE6","83XsNxJEpGiKuKwS95EShe","85inXTkGJKwYq9ClAUrc3R","8520JjiZ9I6b+6Bu24+X6C","87Q5nSKMhFApqtZl0CfoBD","87a0uiDPVME7dewpiXQf8c","8768hyClZKOr/bfjpcTe2Z","88FFAWFndNTKzlXWmSsn45","8dxDHdohxDGarem4YUmNJO","8eTtOMFopPLLx0nNRJOK8I","91CM1Fk+VFoauPNlUi+9vr","912MJUwIZF7aCoclxUq9Kx","93prfmtCNJ17Ufl8ZAXF0P","94+9F/JZlNMpm95JCc+SuN","95EkngnxZFbYuFpsqVTaFr","9bOfOC38hKkKIp1zaCvM0G","9cQ1UcDWZNU5N9YnqcNj21","9dd/rDnwtJ3oVXoC/5h9TZ","9eeRnD9bpDTp+sKjDNJnN5","9fn2V2N6dLsoXUKOwtNEKI","a0CMnOMNBNl49aPbBW7DqE","a3VTQm70hP6IjGA0oqVKPa","a4xGoNu3lHNIcpwDU0cSOu","a9Mo6dgntBdLe+ppXpzsUs","a9vYoSrRtG07fKVIm4Wk+5","aaLY1OCTdOdpiIaJr4Y8eA","abURcStMtIHZn+CYL4DJxj","acDv2bFnFNHrqGrSKcALla","adEqCEoBhPDZ36kvFc2V88","aeD8GO4bBIN4MM36zlioPj","b1p/P95XJB4YaCEzx1f1OO","b3Q15gJH1HAK+JTFZI1pPt","b3VFL1pe5D4ZGGASr/5WXv","b3i44eJkNPE6D16UoD+cF6","b3mfHP1ttJJpXFIwnRrvwE","b5R1UXI7lIc7walo2WYWCB","b6jfqwBH5AGo3hESPV/L/8","b7MFJ8MjNBwqr3fNq1j5dJ","baIUdvKGZPgZxNbjWTFuRI","c2/a6SgixF6YX08xTOjl89","c4Kv28phRAqrxU3vl6g/hJ","c4uPLk2+RJ8774/yDqCK2x","c5zP4+dApCZ5qXAVESdehU","c6utMlEQNIaJbYw3O8BlyZ","c9fXJzxLNDA6iPPyWHRelb","caEr1GL3xAjavMdy6Shkmb","caGZpZ6p1N/6CzNUODHFm4","cafgCqxYNLgK7yB9GU4kI7","calYrmf3JA04l+LzwUrPi0","ca6E33bwJMwr046mslYNp6","cdCeYUFuxAeKI0pHO7raqS","cdkWKwL9lJmY1Shea6q1DV","cfzg2ZS0lLpZj3NRcn56O2","d0Oe+bIddHUpPmxpkno1iY","d1zncbI8ZLioTRsoVPwppd","d37b9DA4xMzpFtRqT6eEIu","d4pfV2939BPZCLeQFdQ0Li","d6GWyTK4lB/YML1GzBZCaq","d6K8GE10ZIp5zeBgIWppxv","d7AyJb9s1D9IA61k/dg7ON","dbxqN8Nb5A16h9Nzdf42TD","e1e0UmV6JI06zJzwnzCqE4","e3r+ujHU1PfoTNw7rVXPSI","e6xT2rpsxJn4aJERRPb2i8","e78bUVoBFHh7c6ug3u2kjN","e9EypB0E5MiIJUgaTywce2","eaGWOuZd9Gd5i1Nac72uU+","ebKWvOIm5Ftpyv2eEAEhaF","ee3Z5CTztI2JVw1sFX6ThI","ee8IQSN4JOA5v0Aik5LbMA","efxtro9pBADLy8ASF0Mpl5","f1KiPEuSRDIqJgPZgkKPHo","f4gI0Df21J9YGjcbbDKaaE","f5L7tmhCFATLWuwLlzyXhP","f5v+DafKdKYJlKIekG/mBf","f73H/1z1pIvr14JgpfbpEf","f96wi6YqlMR5QsigiS19vp","fazZcfwLNKeIS04rewG9TO","fbCxLSVdNCbJMURBlT9hPJ","fdf3symGtLJZx7mdNxtMbZ","fdjsU2o1RKF5x0TziDw3jI","feNnddOERKXqwBVLmE4Rp0","ffNJHzV2ZMqJxRD8UAUBLL","ffg7isQvtPkZ5PwBYNdC4b","ff6GefVYdBXpHZcN/4bOLv","00c/iIBjtOerHdng21DzGb@6c48a","00c/iIBjtOerHdng21DzGb@f9941","02WT7y7qJKl4En21+VO9Ih@6c48a","02WT7y7qJKl4En21+VO9Ih@f9941","05RruzZlpMR6Ac1EqsoPTv","06DQxPxk5L7Zqk/IGAPlJi@6c48a","06DQxPxk5L7Zqk/IGAPlJi@f9941","063oBet2pH8pE17RlHq9rq@6c48a","063oBet2pH8pE17RlHq9rq@f9941","08457420a","0aw99mF1dEprN5yEFo1y/u","0d6ae4eef","0dc12c989","13XautEJJFWJX4plTOF+uT@6c48a","13XautEJJFWJX4plTOF+uT@f9941","1375L7CkdLhI96h1s5XVdg@6c48a","1375L7CkdLhI96h1s5XVdg@f9941","14RAhGgBJBQL2ETaxvrvm9","14Zg3LEERNXLWaKUPm4l3P@6c48a","14Zg3LEERNXLWaKUPm4l3P@f9941","14d5npA6dBlZYg0DAPwJ3T@6c48a","14d5npA6dBlZYg0DAPwJ3T@f9941","15awq1O4lHcoXmxwPW5uck@6c48a","15awq1O4lHcoXmxwPW5uck@f9941","16OHUM4N5KwbsXV2k1tuqi@6c48a","16OHUM4N5KwbsXV2k1tuqi@f9941","19A/v8daNI5KCvA+/xBeLY@6c48a","19A/v8daNI5KCvA+/xBeLY@f9941","1cCXDm2GtJn77ROgS+GORY@6c48a","1cCXDm2GtJn77ROgS+GORY@f9941","1fk6vz/iVD6bIKY2cZreU1@6c48a","1fk6vz/iVD6bIKY2cZreU1@f9941","20g1ukYUVPvKWKBRznAKo+@6c48a","20g1ukYUVPvKWKBRznAKo+@f9941","22uhGDb99EmL5o8kvpZp2j@6c48a","22uhGDb99EmL5o8kvpZp2j@f9941","24xBnqY6hOoanQf8RpSJu8@6c48a","24xBnqY6hOoanQf8RpSJu8@f9941","28nplMkx5Lvb0hYhceY4AZ@6c48a","28nplMkx5Lvb0hYhceY4AZ@f9941","29Pa0BPhZIo4E1CymbBha6@6c48a","29Pa0BPhZIo4E1CymbBha6@f9941","29vdn0I1NGxbc3fkx9Z7mR@6c48a","29vdn0I1NGxbc3fkx9Z7mR@f9941","2c+upU2JJJKZKUowEI1fG4@6c48a","2c+upU2JJJKZKUowEI1fG4@f9941","2fZG3iTkZL4qc49sb+yhQ1@6c48a","2fZG3iTkZL4qc49sb+yhQ1@f9941","2fzJ3g/rJGA71cMP1kIz5b@6c48a","2fzJ3g/rJGA71cMP1kIz5b@f9941","31s+tD2uRAjL0aDYirhysi@6c48a","31s+tD2uRAjL0aDYirhysi@f9941","334A6jZTZNFp2wJ527TqMl@6c48a","334A6jZTZNFp2wJ527TqMl@f9941","358mX3aMtNw56J+Jn1VHOL@6c48a","358mX3aMtNw56J+Jn1VHOL@f9941","36wAf1sNxK2Jvd8nzZv4ju@6c48a","36wAf1sNxK2Jvd8nzZv4ju@f9941","39xHbPGJVBQZJJQmMZCoBT@6c48a","39xHbPGJVBQZJJQmMZCoBT@f9941","3acX4tX8NHk4II8vxsJSmm@6c48a","3acX4tX8NHk4II8vxsJSmm@f9941","3ciXe4L+5MBpIlfl7MkFo6@6c48a","3ciXe4L+5MBpIlfl7MkFo6@f9941","3cwhZaGOxIArtRWJS94IRq@6c48a","3cwhZaGOxIArtRWJS94IRq@f9941","3fpKJAQFZCoLIM/cwo5VNe@6c48a","3fpKJAQFZCoLIM/cwo5VNe@f9941","40Ev+VmudPJa0r/weM1QQk","47kRhqmhxL1IDlwrfvYFKD@6c48a","47kRhqmhxL1IDlwrfvYFKD@f9941","4asHa60/tNp6R7TyB+uuSt@6c48a","4asHa60/tNp6R7TyB+uuSt@f9941","4b+HpFcXVBRZFGEQjjZja9@6c48a","4b+HpFcXVBRZFGEQjjZja9@f9941","4eKRQu/zdCE4Ejiq/Rftf3@6c48a","4eKRQu/zdCE4Ejiq/Rftf3@f9941","53I3Np5ylJg4skyHpQ+hUK@6c48a","53I3Np5ylJg4skyHpQ+hUK@f9941","53ZnlaqRNEhYmYHHq1gAQp@6c48a","53ZnlaqRNEhYmYHHq1gAQp@f9941","54TknWPwVPqJqeCR+Y/Czo@6c48a","54TknWPwVPqJqeCR+Y/Czo@f9941","55odiH1DVI47f1tFdObWKm@6c48a","55odiH1DVI47f1tFdObWKm@f9941","558R6vwKpGa4BHSlgNRYqf@6c48a","558R6vwKpGa4BHSlgNRYqf@f9941","59SlctuN5DtbGhX8xgR4P8@6c48a","59SlctuN5DtbGhX8xgR4P8@f9941","5bCZB5BG1KsYN692TMmo94@6c48a","5bCZB5BG1KsYN692TMmo94@f9941","5cvzo2R8xPyK5xoNMxbaDy@6c48a","5cvzo2R8xPyK5xoNMxbaDy@f9941","5dgTbRVutKYLZZ5EHSGmm6@6c48a","5dgTbRVutKYLZZ5EHSGmm6@f9941","61L2K7hVlDbodqEwlj62kM@6c48a","61L2K7hVlDbodqEwlj62kM@f9941","63vIY8MyFJUYZQFsaWG19H@6c48a","63vIY8MyFJUYZQFsaWG19H@f9941","65LmdH6ThPFZPOBw/2xkow@6c48a","65LmdH6ThPFZPOBw/2xkow@f9941","66DPf6JzlBMpwJgKgfFoat@6c48a","66DPf6JzlBMpwJgKgfFoat@f9941","67lsiIMvFEBKiitVQsQfv0@6c48a","67lsiIMvFEBKiitVQsQfv0@f9941","69Nzc5sl9HcJfj3oRmdzkp@6c48a","69Nzc5sl9HcJfj3oRmdzkp@f9941","6cNMO1GDBDuZ5EOBT8XKeD@6c48a","6cNMO1GDBDuZ5EOBT8XKeD@f9941","6ct1GnarVP7ZpVnG25aYz1@6c48a","6ct1GnarVP7ZpVnG25aYz1@f9941","6c7W246LxCfZyPS4TZ+Bzc@6c48a","6c7W246LxCfZyPS4TZ+Bzc@f9941","731rQf6X1KVog3eN13/jfL@6c48a","731rQf6X1KVog3eN13/jfL@f9941","7c5tZiZx1L0JBKcUsDnqDj@6c48a","7c5tZiZx1L0JBKcUsDnqDj@f9941","7fVTpiS+ZNspY8xdjy8O+v@6c48a","7fVTpiS+ZNspY8xdjy8O+v@f9941","83XsNxJEpGiKuKwS95EShe@6c48a","83XsNxJEpGiKuKwS95EShe@f9941","85inXTkGJKwYq9ClAUrc3R@6c48a","85inXTkGJKwYq9ClAUrc3R@f9941","8520JjiZ9I6b+6Bu24+X6C@6c48a","8520JjiZ9I6b+6Bu24+X6C@f9941","87Q5nSKMhFApqtZl0CfoBD@6c48a","87Q5nSKMhFApqtZl0CfoBD@f9941","8768hyClZKOr/bfjpcTe2Z@6c48a","8768hyClZKOr/bfjpcTe2Z@f9941","8dxDHdohxDGarem4YUmNJO@6c48a","8dxDHdohxDGarem4YUmNJO@f9941","912MJUwIZF7aCoclxUq9Kx@6c48a","912MJUwIZF7aCoclxUq9Kx@f9941","93prfmtCNJ17Ufl8ZAXF0P@6c48a","93prfmtCNJ17Ufl8ZAXF0P@f9941","94+9F/JZlNMpm95JCc+SuN@6c48a","94+9F/JZlNMpm95JCc+SuN@f9941","95EkngnxZFbYuFpsqVTaFr@6c48a","95EkngnxZFbYuFpsqVTaFr@f9941","9bOfOC38hKkKIp1zaCvM0G@6c48a","9bOfOC38hKkKIp1zaCvM0G@f9941","9dd/rDnwtJ3oVXoC/5h9TZ@6c48a","9dd/rDnwtJ3oVXoC/5h9TZ@f9941","9dpsnmE7JCD4QvG4On0Y4c","9fn2V2N6dLsoXUKOwtNEKI@6c48a","9fn2V2N6dLsoXUKOwtNEKI@f9941","a0CMnOMNBNl49aPbBW7DqE@6c48a","a0CMnOMNBNl49aPbBW7DqE@f9941","a3VTQm70hP6IjGA0oqVKPa@6c48a","a3VTQm70hP6IjGA0oqVKPa@f9941","a4xGoNu3lHNIcpwDU0cSOu@6c48a","a4xGoNu3lHNIcpwDU0cSOu@f9941","a9Mo6dgntBdLe+ppXpzsUs@6c48a","a9Mo6dgntBdLe+ppXpzsUs@f9941","a9vYoSrRtG07fKVIm4Wk+5@6c48a","a9vYoSrRtG07fKVIm4Wk+5@f9941","aaLY1OCTdOdpiIaJr4Y8eA@6c48a","aaLY1OCTdOdpiIaJr4Y8eA@f9941","abURcStMtIHZn+CYL4DJxj@6c48a","abURcStMtIHZn+CYL4DJxj@f9941","acDv2bFnFNHrqGrSKcALla@6c48a","acDv2bFnFNHrqGrSKcALla@f9941","adEqCEoBhPDZ36kvFc2V88@6c48a","adEqCEoBhPDZ36kvFc2V88@f9941","b3Q15gJH1HAK+JTFZI1pPt@6c48a","b3Q15gJH1HAK+JTFZI1pPt@f9941","b3mfHP1ttJJpXFIwnRrvwE@6c48a","b3mfHP1ttJJpXFIwnRrvwE@f9941","b7MFJ8MjNBwqr3fNq1j5dJ@6c48a","b7MFJ8MjNBwqr3fNq1j5dJ@f9941","c2/a6SgixF6YX08xTOjl89@6c48a","c2/a6SgixF6YX08xTOjl89@f9941","c4Kv28phRAqrxU3vl6g/hJ@6c48a","c4Kv28phRAqrxU3vl6g/hJ@f9941","c5zP4+dApCZ5qXAVESdehU@6c48a","c5zP4+dApCZ5qXAVESdehU@f9941","c9fXJzxLNDA6iPPyWHRelb@6c48a","c9fXJzxLNDA6iPPyWHRelb@f9941","caEr1GL3xAjavMdy6Shkmb@6c48a","caEr1GL3xAjavMdy6Shkmb@f9941","caGZpZ6p1N/6CzNUODHFm4@6c48a","caGZpZ6p1N/6CzNUODHFm4@f9941","cafgCqxYNLgK7yB9GU4kI7@6c48a","cafgCqxYNLgK7yB9GU4kI7@f9941","cajCbE5P1LCYcAs9jk6rdn","cdCeYUFuxAeKI0pHO7raqS@6c48a","cdCeYUFuxAeKI0pHO7raqS@f9941","d0Oe+bIddHUpPmxpkno1iY@6c48a","d0Oe+bIddHUpPmxpkno1iY@f9941","d37b9DA4xMzpFtRqT6eEIu@6c48a","d37b9DA4xMzpFtRqT6eEIu@f9941","d4pfV2939BPZCLeQFdQ0Li@6c48a","d4pfV2939BPZCLeQFdQ0Li@f9941","d6GWyTK4lB/YML1GzBZCaq@6c48a","d6GWyTK4lB/YML1GzBZCaq@f9941","d6K8GE10ZIp5zeBgIWppxv@6c48a","d6K8GE10ZIp5zeBgIWppxv@f9941","d7AyJb9s1D9IA61k/dg7ON@6c48a","d7AyJb9s1D9IA61k/dg7ON@f9941","dbxqN8Nb5A16h9Nzdf42TD@6c48a","dbxqN8Nb5A16h9Nzdf42TD@f9941","e7eR0kgspDiqi3axba+Yjh","e78bUVoBFHh7c6ug3u2kjN@6c48a","e78bUVoBFHh7c6ug3u2kjN@f9941","e9EypB0E5MiIJUgaTywce2@6c48a","e9EypB0E5MiIJUgaTywce2@f9941","eaGWOuZd9Gd5i1Nac72uU+@6c48a","eaGWOuZd9Gd5i1Nac72uU+@f9941","ebKWvOIm5Ftpyv2eEAEhaF@6c48a","ebKWvOIm5Ftpyv2eEAEhaF@f9941","efEjG2OddBXKZO7XuEnjfn","efxtro9pBADLy8ASF0Mpl5@6c48a","efxtro9pBADLy8ASF0Mpl5@f9941","f1KiPEuSRDIqJgPZgkKPHo@6c48a","f1KiPEuSRDIqJgPZgkKPHo@f9941","f5L7tmhCFATLWuwLlzyXhP@6c48a","f5L7tmhCFATLWuwLlzyXhP@f9941","f5v+DafKdKYJlKIekG/mBf@6c48a","f5v+DafKdKYJlKIekG/mBf@f9941","f73H/1z1pIvr14JgpfbpEf@6c48a","f73H/1z1pIvr14JgpfbpEf@f9941","f96wi6YqlMR5QsigiS19vp@6c48a","f96wi6YqlMR5QsigiS19vp@f9941","fazZcfwLNKeIS04rewG9TO@6c48a","fazZcfwLNKeIS04rewG9TO@f9941","fbCxLSVdNCbJMURBlT9hPJ@6c48a","fbCxLSVdNCbJMURBlT9hPJ@f9941","feNnddOERKXqwBVLmE4Rp0@6c48a","feNnddOERKXqwBVLmE4Rp0@f9941"],"paths":{"0":["db:/assets/PLA24",0,1],"107":["db:/internal/physics/default-physics-material",2,1],"149":["db:/internal/default_renderpipeline/builtin-forward",1,1]},"scenes":{"db://assets/PLA24.scene":0},"packs":{"08457420a":[155,157,158,160,162,168,170,171,173,175,177,179,181,0,183,185,187,189,191,193,195,197,199,201,203,205,207,209,211,213,215,217,219,221,222,224,226,228,40,230,232,234,236,238,240,242,244,246,248,250,252,256,258,260,262,264,266,268,64,270,66,272,68,274,276,278,280,282,76,284,78,286,288,290,292,294,296,297,87,299,301,303,305,307,309,313,315,317,98,99,319,104,105,323,325,327,110,329,331,333,335,337,338,118,340,342,123,344,346,348,350,352,354,130,131,132,355,357,359,361,363,137,364,366,368,370,372,374,376,378,380,382,151],"0d6ae4eef":[164,254,311,321],"0dc12c989":[182,184,198,200,202,214,216,218,220,225,227,229,243,245,247,261,263,265,161,269,271,283,293,295,298,169,188,190,196,204,206,208,210,212,237,239,159,251,267,154,277,281,285,287,289,167,176,192,194,235,241,249,253,255,273,275,180,156,257,172,186,174,279,291,178,223,233,231,259,304,300,308,306,302,310,312,314,316,320,318,322,324,328,326,330,336,332,334,339,343,345,341,349,347,351,353,356,358,360,362,365,371,373,375,367,369,377,379,381]},"versions":{"import":[1,"a2533",2,"a2533",3,"a2533",4,"a2533",163,"523fa",5,"a2429",165,"9d1f0",166,"535ef",6,"a2533",7,"a2533",8,"a2533",9,"c16a8",10,"a2533",11,"a2533",12,"11818",13,"a2533",14,"a2533",15,"a2533",16,"a2533",17,"a2533",18,"a2533",19,"a2533",20,"a2533",21,"a2533",22,"a2533",23,"24f14",24,"a2533",25,"a2533",26,"a2533",27,"a2533",28,"a2533",29,"a2533",30,"a2533",31,"a2533",32,"a2533",33,"a2533",34,"a2533",35,"ecaa8",36,"cf657",37,"a2533",38,"a2533",39,"a2533",41,"a2533",42,"a2533",43,"a2533",44,"a2533",45,"a2533",46,"a2533",47,"6439c",48,"a2533",49,"a2533",50,"a2533",51,"a2533",52,"a2533",53,"a2533",54,"a2533",55,"a2533",56,"a2533",57,"a2533",58,"a2533",59,"a2533",60,"a2533",61,"b9c01",62,"4dc76",63,"a2533",65,"a2533",67,"a2533",69,"65c7e",70,"a2533",71,"a2533",72,"a2533",73,"a2533",74,"68446",75,"a2533",77,"a2533",79,"1b4d6",80,"a2533",81,"a2533",82,"a2533",83,"a2533",84,"a2533",85,"d34f9",86,"a2533",88,"a2533",89,"a2533",90,"a2533",91,"a2533",92,"a2533",93,"a2533",94,"a2533",95,"a2533",96,"a2533",97,"a2533",100,"a2533",101,"08fef",102,"ee614",103,"a2533",106,"a2533",107,"8bce7",108,"a2533",109,"a2533",111,"a2533",112,"34547",113,"a2533",114,"a2533",115,"a2533",116,"a2533",117,"e3fb9",119,"a2533",120,"25fe2",121,"161d1",122,"a2533",124,"a2533",125,"a2533",126,"a2533",127,"a2533",128,"a2533",129,"a2533",133,"a2533",134,"a2533",135,"a2533",136,"a2533",138,"85d21",139,"a2533",140,"a2533",141,"2bdbf",142,"a2533",143,"a2533",144,"a2533",145,"a2533",146,"a2533",147,"a2533",148,"9f53a",149,"731f4",150,"a2533",152,"a0ed1",153,"8bafe"],"native":[1,"d7dba",2,"0aa52",3,"69a35",4,"204ad",6,"f5d75",7,"65a34",8,"8ea28",9,"5fb68",10,"83b50",11,"55433",13,"86072",14,"468e4",15,"40dc8",16,"90cf4",17,"89eb2",18,"841f5",19,"eaefc",20,"216cf",21,"7e1d2",22,"47533",24,"e7660",25,"cc428",26,"2543f",27,"010ac",28,"2a5dd",29,"e44b6",30,"cc428",31,"a6c16",32,"37714",33,"e078a",34,"1438d",37,"a60d1",38,"f2cbb",39,"92950",40,"f4fec",41,"4314d",42,"c79ed",43,"9e6ed",44,"83fcc",45,"8bc04",46,"736bd",48,"44fb4",49,"9f363",50,"71e79",51,"c63a0",52,"6b044",53,"c99a4",54,"33ddb",55,"1600d",56,"a0cef",57,"6a477",58,"2b8b6",59,"798c5",60,"51056",63,"395b9",64,"cbc24",65,"52660",66,"306e0",67,"e508d",68,"dafae",70,"401c6",71,"6b044",72,"3f2e5",73,"9e530",75,"87ce7",76,"6b67b",77,"a60d1",78,"94384",80,"50d7d",81,"871fc",82,"4cda4",83,"c06a9",84,"e68fd",86,"e5cf9",87,"6da36",88,"f20e7",89,"4a07f",90,"be568",91,"3392b",92,"5509e",93,"d4625",94,"01256",95,"ed85d",96,"bdf75",97,"d1550",98,"b3a48",99,"cf664",100,"541df",103,"4f367",104,"50145",105,"d4f20",106,"cdbc9",108,"5ce8f",109,"dd8cb",110,"21917",111,"3e14f",113,"38ee2",114,"b7b26",115,"bbaae",116,"d5bd8",118,"b8e72",119,"f7e3d",122,"c2bc0",123,"6156f",124,"69b40",125,"b883d",126,"a399a",127,"ff19f",128,"aed5d",129,"ef382",130,"07abd",131,"aa55e",132,"3c706",133,"e188a",134,"6570e",135,"acc37",136,"0b041",137,"a81b7",139,"8c953",140,"5f1d9",142,"2045a",143,"97294",144,"78c04",145,"130d4",146,"d4b1c",147,"7f628",150,"e8690",151,"30774"]},"redirect":[],"debug":false,"extensionMap":{".cconb":[101,102,112,117,12,120,121,138,141,148,152,153,23,35,36,47,5,61,62,69,74,79,85]},"hasPreloadScript":true,"dependencyRelationships":{},"types":["cc.SceneAsset","cc.RenderPipeline","cc.PhysicsMaterial"]}