[1,["b3mfHP1ttJJpXFIwnRrvwE@f9941","aaLY1OCTdOdpiIaJr4Y8eA@f9941","65LmdH6ThPFZPOBw/2xkow@f9941","65LmdH6ThPFZPOBw/2xkow@6c48a","aaLY1OCTdOdpiIaJr4Y8eA@6c48a","b3mfHP1ttJJpXFIwnRrvwE@6c48a"],["node","_spriteFrame","_textureSource","root","data"],["cc.SpriteFrame",["cc.Node",["_name","_layer","_components","_prefab","_lpos","_lscale","_parent","_children"],1,9,4,5,5,1,2],["cc.Sprite",["node","__prefab","_spriteFrame","_color"],3,1,4,6,5],["cc.Prefab",["_name"],2],["cc.UITransform",["node","__prefab","_contentSize"],3,1,4,5],["cc.CompPrefabInfo",["fileId"],2],["e2075eyIkBLELMDOjgOc4BS",["colortable","colorID","node","__prefab"],1,1,4],["a4e80w36/NCEr+ECqPYYG5l",["node","__prefab"],3,1,4],["cc.PrefabInfo",["fileId","instance","targetOverrides","nestedPrefabInstanceRoots","root","asset"],-1,1,1]],[[5,0,2],[4,0,1,2,1],[8,0,1,2,3,4,5,5],[2,0,1,3,2,1],[3,0,2],[1,0,1,7,2,3,4,5,3],[1,0,1,6,2,3,4,5,3],[1,0,1,6,2,3,4,3],[2,0,1,2,1],[6,0,1,2,3,3],[7,0,1,1]],[[[[4,"purpilbody"],[5,"purpilbody",33554432,[-6,-7],[[1,-2,[0,"fcYwJbZYdOEpf+RvNEUWVz"],[5,362,369]],[3,-3,[0,"55zBuitsNCSJ7GIBlHTFEU"],[4,4294921655],2],[9,null,4,-4,[0,"49/LWCUedMkIYLHIHIRP7x"]],[10,-5,[0,"9d2799YX5LQa+6bkzOdqod"]]],[2,"83UXrxF6dN0YtWPxdCpkyh",null,null,null,-1,0],[1,-4990.89,23.85,0],[1,1.2,1.2,1]],[6,"dragon_body_highlight",33554432,1,[[1,-8,[0,"90AcwvZXJFDYPMQagiNTSw"],[5,120,141]],[8,-9,[0,"99JicDhC9Kb7tpv0mVpJBs"],0]],[2,"b0zI/2PgVKT4nZxVY2VHD2",null,null,null,1,0],[1,-35.606,15.631,0],[1,2.4,2.4,1]],[7,"dragon_body_hightlight2",33554432,1,[[1,-10,[0,"7c8LhEBfVHRLhVnU4R2aM3"],[5,338,218]],[3,-11,[0,"74M8yRaz1Cp4pCRifASFnv"],[4,620756991],1]],[2,"2d+TjPA6pAsLObCxP4coQ3",null,null,null,1,0],[1,8.65,67.133,0]]],0,[0,3,1,0,0,1,0,0,1,0,0,1,0,0,1,0,-1,2,0,-2,3,0,0,2,0,0,2,0,0,3,0,0,3,0,4,1,11],[0,0,0],[1,1,1],[0,1,2]],[[{"name":"dragon_body2","rect":{"x":0,"y":0,"width":362,"height":369},"offset":{"x":0,"y":0},"originalSize":{"width":362,"height":369},"rotated":false,"capInsets":[0,0,0,0],"vertices":{"rawPosition":[-181,-184.5,0,181,-184.5,0,-181,184.5,0,181,184.5,0],"indexes":[0,1,2,2,1,3],"uv":[0,369,362,369,0,0,362,0],"nuv":[0,0,1,0,0,1,1,1],"minPos":{"x":-181,"y":-184.5,"z":0},"maxPos":{"x":181,"y":184.5,"z":0}},"packable":true,"pixelsToUnit":100,"pivot":{"x":0.5,"y":0.5},"meshType":0}],[0],0,[0],[2],[3]],[[{"name":"dragon_body_hightlight2","rect":{"x":15,"y":1,"width":338,"height":218},"offset":{"x":3,"y":74.5},"originalSize":{"width":362,"height":369},"rotated":false,"capInsets":[0,0,0,0],"vertices":{"rawPosition":[-169,-109,0,169,-109,0,-169,109,0,169,109,0],"indexes":[0,1,2,2,1,3],"uv":[15,368,353,368,15,150,353,150],"nuv":[0.04143646408839779,0.4065040650406504,0.9751381215469613,0.4065040650406504,0.04143646408839779,0.997289972899729,0.9751381215469613,0.997289972899729],"minPos":{"x":-169,"y":-109,"z":0},"maxPos":{"x":169,"y":109,"z":0}},"packable":true,"pixelsToUnit":100,"pivot":{"x":0.5,"y":0.5},"meshType":0}],[0],0,[0],[2],[4]],[[{"name":"dragon_body_highlight","rect":{"x":0,"y":0,"width":120,"height":141},"offset":{"x":-15,"y":6},"originalSize":{"width":150,"height":153},"rotated":false,"capInsets":[0,0,0,0],"vertices":{"rawPosition":[-60,-70.5,0,60,-70.5,0,-60,70.5,0,60,70.5,0],"indexes":[0,1,2,2,1,3],"uv":[0,153,120,153,0,12,120,12],"nuv":[0,0.0784313725490196,0.8,0.0784313725490196,0,1,0.8,1],"minPos":{"x":-60,"y":-70.5,"z":0},"maxPos":{"x":60,"y":70.5,"z":0}},"packable":true,"pixelsToUnit":100,"pivot":{"x":0.5,"y":0.5},"meshType":0}],[0],0,[0],[2],[5]]]]
